"ysp","country","iso2c","iso3c","date","pop","pop_int"
2011,"Austria","AT","AUT",2011,8391643,8391643
2011.5,"Austria",NA,NA,NA,NA,8410817
2012,"Austria","AT","AUT",2012,8429991,8429991
2012.5,"Austria",NA,NA,NA,NA,8454907
2013,"Austria","AT","AUT",2013,8479823,8479823
2013.5,"Austria",NA,NA,NA,NA,8513089.5
2014,"Austria","AT","AUT",2014,8546356,8546356
2014.5,"Austria",NA,NA,NA,NA,8594527.5
2015,"Austria","AT","AUT",2015,8642699,8642699
2015.5,"Austria",NA,NA,NA,NA,8689683.5
2016,"Austria","AT","AUT",2016,8736668,8736668
2016.5,"Austria",NA,NA,NA,NA,8767117
2017,"Austria","AT","AUT",2017,8797566,8797566
2017.5,"Austria",NA,NA,NA,NA,8819043.5
2018,"Austria","AT","AUT",2018,8840521,8840521
2018.5,"Austria",NA,NA,NA,NA,8860220.5
2019,"Austria","AT","AUT",2019,8879920,8879920
2019.5,"Austria",NA,NA,NA,NA,8898392
2020,"Austria","AT","AUT",2020,8916864,8916864
2020.5,"Austria",NA,NA,NA,NA,8936330.5
2021,"Austria","AT","AUT",2021,8955797,8955797
2021.5,"Austria",NA,NA,NA,NA,8998824
2022,"Austria","AT","AUT",2022,9041851,9041851
2022.5,"Austria",NA,NA,NA,NA,9086806
2023,"Austria","AT","AUT",2023,9131761,9131761
2011,"Belgium","BE","BEL",2011,11038264,11038264
2011.5,"Belgium",NA,NA,NA,NA,11072598
2012,"Belgium","BE","BEL",2012,11106932,11106932
2012.5,"Belgium",NA,NA,NA,NA,11133169.5
2013,"Belgium","BE","BEL",2013,11159407,11159407
2013.5,"Belgium",NA,NA,NA,NA,11184232
2014,"Belgium","BE","BEL",2014,11209057,11209057
2014.5,"Belgium",NA,NA,NA,NA,11241626.5
2015,"Belgium","BE","BEL",2015,11274196,11274196
2015.5,"Belgium",NA,NA,NA,NA,11302809
2016,"Belgium","BE","BEL",2016,11331422,11331422
2016.5,"Belgium",NA,NA,NA,NA,11353290
2017,"Belgium","BE","BEL",2017,11375158,11375158
2017.5,"Belgium",NA,NA,NA,NA,11401106
2018,"Belgium","BE","BEL",2018,11427054,11427054
2018.5,"Belgium",NA,NA,NA,NA,11458017
2019,"Belgium","BE","BEL",2019,11488980,11488980
2019.5,"Belgium",NA,NA,NA,NA,11513792
2020,"Belgium","BE","BEL",2020,11538604,11538604
2020.5,"Belgium",NA,NA,NA,NA,11562399.5
2021,"Belgium","BE","BEL",2021,11586195,11586195
2021.5,"Belgium",NA,NA,NA,NA,11633202.5
2022,"Belgium","BE","BEL",2022,11680210,11680210
2022.5,"Belgium",NA,NA,NA,NA,11730078
2023,"Belgium","BE","BEL",2023,11779946,11779946
2011,"Bulgaria","BG","BGR",2011,7348328,7348328
2011.5,"Bulgaria",NA,NA,NA,NA,7327108
2012,"Bulgaria","BG","BGR",2012,7305888,7305888
2012.5,"Bulgaria",NA,NA,NA,NA,7232946.5
2013,"Bulgaria","BG","BGR",2013,7160005,7160005
2013.5,"Bulgaria",NA,NA,NA,NA,7116788.5
2014,"Bulgaria","BG","BGR",2014,7073572,7073572
2014.5,"Bulgaria",NA,NA,NA,NA,7028898.5
2015,"Bulgaria","BG","BGR",2015,6984225,6984225
2015.5,"Bulgaria",NA,NA,NA,NA,6939182
2016,"Bulgaria","BG","BGR",2016,6894139,6894139
2016.5,"Bulgaria",NA,NA,NA,NA,6848803.5
2017,"Bulgaria","BG","BGR",2017,6803468,6803468
2017.5,"Bulgaria",NA,NA,NA,NA,6757133
2018,"Bulgaria","BG","BGR",2018,6710798,6710798
2018.5,"Bulgaria",NA,NA,NA,NA,6663762
2019,"Bulgaria","BG","BGR",2019,6616726,6616726
2019.5,"Bulgaria",NA,NA,NA,NA,6583711
2020,"Bulgaria","BG","BGR",2020,6550696,6550696
2020.5,"Bulgaria",NA,NA,NA,NA,6528998.5
2021,"Bulgaria","BG","BGR",2021,6507301,6507301
2021.5,"Bulgaria",NA,NA,NA,NA,6486199
2022,"Bulgaria","BG","BGR",2022,6465097,6465097
2022.5,"Bulgaria",NA,NA,NA,NA,6455846.5
2023,"Bulgaria","BG","BGR",2023,6446596,6446596
2011,"Cyprus","CY","CYP",2011,1146493,1146493
2011.5,"Cyprus",NA,NA,NA,NA,1155945
2012,"Cyprus","CY","CYP",2012,1165397,1165397
2012.5,"Cyprus",NA,NA,NA,NA,1174646
2013,"Cyprus","CY","CYP",2013,1183895,1183895
2013.5,"Cyprus",NA,NA,NA,NA,1192848
2014,"Cyprus","CY","CYP",2014,1201801,1201801
2014.5,"Cyprus",NA,NA,NA,NA,1210651.5
2015,"Cyprus","CY","CYP",2015,1219502,1219502
2015.5,"Cyprus",NA,NA,NA,NA,1228307
2016,"Cyprus","CY","CYP",2016,1237112,1237112
2016.5,"Cyprus",NA,NA,NA,NA,1245693.5
2017,"Cyprus","CY","CYP",2017,1254275,1254275
2017.5,"Cyprus",NA,NA,NA,NA,1262506
2018,"Cyprus","CY","CYP",2018,1270737,1270737
2018.5,"Cyprus",NA,NA,NA,NA,1278704
2019,"Cyprus","CY","CYP",2019,1286671,1286671
2019.5,"Cyprus",NA,NA,NA,NA,1294459
2020,"Cyprus","CY","CYP",2020,1302247,1302247
2020.5,"Cyprus",NA,NA,NA,NA,1309778
2021,"Cyprus","CY","CYP",2021,1317309,1317309
2021.5,"Cyprus",NA,NA,NA,NA,1324339.5
2022,"Cyprus","CY","CYP",2022,1331370,1331370
2022.5,"Cyprus",NA,NA,NA,NA,1338173
2023,"Cyprus","CY","CYP",2023,1344976,1344976
2011,"Czechia","CZ","CZE",2011,10496088,10496088
2011.5,"Czechia",NA,NA,NA,NA,10503436.5
2012,"Czechia","CZ","CZE",2012,10510785,10510785
2012.5,"Czechia",NA,NA,NA,NA,10512528.5
2013,"Czechia","CZ","CZE",2013,10514272,10514272
2013.5,"Czechia",NA,NA,NA,NA,10519809.5
2014,"Czechia","CZ","CZE",2014,10525347,10525347
2014.5,"Czechia",NA,NA,NA,NA,10535703
2015,"Czechia","CZ","CZE",2015,10546059,10546059
2015.5,"Czechia",NA,NA,NA,NA,10556195.5
2016,"Czechia","CZ","CZE",2016,10566332,10566332
2016.5,"Czechia",NA,NA,NA,NA,10580385
2017,"Czechia","CZ","CZE",2017,10594438,10594438
2017.5,"Czechia",NA,NA,NA,NA,10612183
2018,"Czechia","CZ","CZE",2018,10629928,10629928
2018.5,"Czechia",NA,NA,NA,NA,10650899
2019,"Czechia","CZ","CZE",2019,10671870,10671870
2019.5,"Czechia",NA,NA,NA,NA,10684864
2020,"Czechia","CZ","CZE",2020,10697858,10697858
2020.5,"Czechia",NA,NA,NA,NA,10601815
2021,"Czechia","CZ","CZE",2021,10505772,10505772
2021.5,"Czechia",NA,NA,NA,NA,10588945
2022,"Czechia","CZ","CZE",2022,10672118,10672118
2022.5,"Czechia",NA,NA,NA,NA,10768080
2023,"Czechia","CZ","CZE",2023,10864042,10864042
2011,"Germany","DE","DEU",2011,80274983,80274983
2011.5,"Germany",NA,NA,NA,NA,80350403
2012,"Germany","DE","DEU",2012,80425823,80425823
2012.5,"Germany",NA,NA,NA,NA,80535714
2013,"Germany","DE","DEU",2013,80645605,80645605
2013.5,"Germany",NA,NA,NA,NA,80814052.5
2014,"Germany","DE","DEU",2014,80982500,80982500
2014.5,"Germany",NA,NA,NA,NA,81334555.5
2015,"Germany","DE","DEU",2015,81686611,81686611
2015.5,"Germany",NA,NA,NA,NA,82017640
2016,"Germany","DE","DEU",2016,82348669,82348669
2016.5,"Germany",NA,NA,NA,NA,82502835.5
2017,"Germany","DE","DEU",2017,82657002,82657002
2017.5,"Germany",NA,NA,NA,NA,82781392
2018,"Germany","DE","DEU",2018,82905782,82905782
2018.5,"Germany",NA,NA,NA,NA,82999372
2019,"Germany","DE","DEU",2019,83092962,83092962
2019.5,"Germany",NA,NA,NA,NA,83126916.5
2020,"Germany","DE","DEU",2020,83160871,83160871
2020.5,"Germany",NA,NA,NA,NA,83178474.5
2021,"Germany","DE","DEU",2021,83196078,83196078
2021.5,"Germany",NA,NA,NA,NA,83186945.5
2022,"Germany","DE","DEU",2022,83177813,83177813
2022.5,"Germany",NA,NA,NA,NA,83232543
2023,"Germany","DE","DEU",2023,83287273,83287273
2011,"Denmark","DK","DNK",2011,5570572,5570572
2011.5,"Denmark",NA,NA,NA,NA,5581072
2012,"Denmark","DK","DNK",2012,5591572,5591572
2012.5,"Denmark",NA,NA,NA,NA,5603252
2013,"Denmark","DK","DNK",2013,5614932,5614932
2013.5,"Denmark",NA,NA,NA,NA,5629203.5
2014,"Denmark","DK","DNK",2014,5643475,5643475
2014.5,"Denmark",NA,NA,NA,NA,5663479
2015,"Denmark","DK","DNK",2015,5683483,5683483
2015.5,"Denmark",NA,NA,NA,NA,5705746.5
2016,"Denmark","DK","DNK",2016,5728010,5728010
2016.5,"Denmark",NA,NA,NA,NA,5746495
2017,"Denmark","DK","DNK",2017,5764980,5764980
2017.5,"Denmark",NA,NA,NA,NA,5779308
2018,"Denmark","DK","DNK",2018,5793636,5793636
2018.5,"Denmark",NA,NA,NA,NA,5804029
2019,"Denmark","DK","DNK",2019,5814422,5814422
2019.5,"Denmark",NA,NA,NA,NA,5822913
2020,"Denmark","DK","DNK",2020,5831404,5831404
2020.5,"Denmark",NA,NA,NA,NA,5844068.5
2021,"Denmark","DK","DNK",2021,5856733,5856733
2021.5,"Denmark",NA,NA,NA,NA,5879885
2022,"Denmark","DK","DNK",2022,5903037,5903037
2022.5,"Denmark",NA,NA,NA,NA,5924994.5
2023,"Denmark","DK","DNK",2023,5946952,5946952
2011,"Spain","ES","ESP",2011,46742697,46742697
2011.5,"Spain",NA,NA,NA,NA,46757876
2012,"Spain","ES","ESP",2012,46773055,46773055
2012.5,"Spain",NA,NA,NA,NA,46688626
2013,"Spain","ES","ESP",2013,46604197,46604197
2013.5,"Spain",NA,NA,NA,NA,46532465
2014,"Spain","ES","ESP",2014,46460733,46460733
2014.5,"Spain",NA,NA,NA,NA,46441518
2015,"Spain","ES","ESP",2015,46422303,46422303
2015.5,"Spain",NA,NA,NA,NA,46440221
2016,"Spain","ES","ESP",2016,46458139,46458139
2016.5,"Spain",NA,NA,NA,NA,46514685.5
2017,"Spain","ES","ESP",2017,46571232,46571232
2017.5,"Spain",NA,NA,NA,NA,46676621.5
2018,"Spain","ES","ESP",2018,46782011,46782011
2018.5,"Spain",NA,NA,NA,NA,46950256
2019,"Spain","ES","ESP",2019,47118501,47118501
2019.5,"Spain",NA,NA,NA,NA,47238962.5
2020,"Spain","ES","ESP",2020,47359424,47359424
2020.5,"Spain",NA,NA,NA,NA,47401622.5
2021,"Spain","ES","ESP",2021,47443821,47443821
2021.5,"Spain",NA,NA,NA,NA,47614961.5
2022,"Spain","ES","ESP",2022,47786102,47786102
2022.5,"Spain",NA,NA,NA,NA,48069315
2023,"Spain","ES","ESP",2023,48352528,48352528
2011,"Estonia","EE","EST",2011,1327439,1327439
2011.5,"Estonia",NA,NA,NA,NA,1325067.5
2012,"Estonia","EE","EST",2012,1322696,1322696
2012.5,"Estonia",NA,NA,NA,NA,1320346.5
2013,"Estonia","EE","EST",2013,1317997,1317997
2013.5,"Estonia",NA,NA,NA,NA,1316271
2014,"Estonia","EE","EST",2014,1314545,1314545
2014.5,"Estonia",NA,NA,NA,NA,1314976
2015,"Estonia","EE","EST",2015,1315407,1315407
2015.5,"Estonia",NA,NA,NA,NA,1315598.5
2016,"Estonia","EE","EST",2016,1315790,1315790
2016.5,"Estonia",NA,NA,NA,NA,1316587
2017,"Estonia","EE","EST",2017,1317384,1317384
2017.5,"Estonia",NA,NA,NA,NA,1319680.5
2018,"Estonia","EE","EST",2018,1321977,1321977
2018.5,"Estonia",NA,NA,NA,NA,1324437.5
2019,"Estonia","EE","EST",2019,1326898,1326898
2019.5,"Estonia",NA,NA,NA,NA,1328210
2020,"Estonia","EE","EST",2020,1329522,1329522
2020.5,"Estonia",NA,NA,NA,NA,1330227
2021,"Estonia","EE","EST",2021,1330932,1330932
2021.5,"Estonia",NA,NA,NA,NA,1339886
2022,"Estonia","EE","EST",2022,1348840,1348840
2022.5,"Estonia",NA,NA,NA,NA,1359563
2023,"Estonia","EE","EST",2023,1370286,1370286
2011,"Finland","FI","FIN",2011,5388272,5388272
2011.5,"Finland",NA,NA,NA,NA,5401121.5
2012,"Finland","FI","FIN",2012,5413971,5413971
2012.5,"Finland",NA,NA,NA,NA,5426471.5
2013,"Finland","FI","FIN",2013,5438972,5438972
2013.5,"Finland",NA,NA,NA,NA,5450242
2014,"Finland","FI","FIN",2014,5461512,5461512
2014.5,"Finland",NA,NA,NA,NA,5470521.5
2015,"Finland","FI","FIN",2015,5479531,5479531
2015.5,"Finland",NA,NA,NA,NA,5487417
2016,"Finland","FI","FIN",2016,5495303,5495303
2016.5,"Finland",NA,NA,NA,NA,5501758.5
2017,"Finland","FI","FIN",2017,5508214,5508214
2017.5,"Finland",NA,NA,NA,NA,5511869.5
2018,"Finland","FI","FIN",2018,5515525,5515525
2018.5,"Finland",NA,NA,NA,NA,5518565.5
2019,"Finland","FI","FIN",2019,5521606,5521606
2019.5,"Finland",NA,NA,NA,NA,5525574.5
2020,"Finland","FI","FIN",2020,5529543,5529543
2020.5,"Finland",NA,NA,NA,NA,5535280
2021,"Finland","FI","FIN",2021,5541017,5541017
2021.5,"Finland",NA,NA,NA,NA,5548561.5
2022,"Finland","FI","FIN",2022,5556106,5556106
2022.5,"Finland",NA,NA,NA,NA,5570008.5
2023,"Finland","FI","FIN",2023,5583911,5583911
2011,"France","FR","FRA",2011,65340830,65340830
2011.5,"France",NA,NA,NA,NA,65499244.5
2012,"France","FR","FRA",2012,65657659,65657659
2012.5,"France",NA,NA,NA,NA,65827795.5
2013,"France","FR","FRA",2013,65997932,65997932
2013.5,"France",NA,NA,NA,NA,66154999.5
2014,"France","FR","FRA",2014,66312067,66312067
2014.5,"France",NA,NA,NA,NA,66430169.5
2015,"France","FR","FRA",2015,66548272,66548272
2015.5,"France",NA,NA,NA,NA,66636188
2016,"France","FR","FRA",2016,66724104,66724104
2016.5,"France",NA,NA,NA,NA,66821062
2017,"France","FR","FRA",2017,66918020,66918020
2017.5,"France",NA,NA,NA,NA,67038184
2018,"France","FR","FRA",2018,67158348,67158348
2018.5,"France",NA,NA,NA,NA,67270204.5
2019,"France","FR","FRA",2019,67382061,67382061
2019.5,"France",NA,NA,NA,NA,67491585.5
2020,"France","FR","FRA",2020,67601110,67601110
2020.5,"France",NA,NA,NA,NA,67721960.5
2021,"France","FR","FRA",2021,67842811,67842811
2021.5,"France",NA,NA,NA,NA,68013634
2022,"France","FR","FRA",2022,68184457,68184457
2022.5,"France",NA,NA,NA,NA,68278371.5
2023,"France","FR","FRA",2023,68372286,68372286
2011,"United Kingdom","GB","GBR",2011,63258810,63258810
2011.5,"United Kingdom",NA,NA,NA,NA,63484905
2012,"United Kingdom","GB","GBR",2012,63711000,63711000
2012.5,"United Kingdom",NA,NA,NA,NA,63924500
2013,"United Kingdom","GB","GBR",2013,64138000,64138000
2013.5,"United Kingdom",NA,NA,NA,NA,64378500
2014,"United Kingdom","GB","GBR",2014,64619000,64619000
2014.5,"United Kingdom",NA,NA,NA,NA,64853000
2015,"United Kingdom","GB","GBR",2015,65087000,65087000
2015.5,"United Kingdom",NA,NA,NA,NA,65346500
2016,"United Kingdom","GB","GBR",2016,65606000,65606000
2016.5,"United Kingdom",NA,NA,NA,NA,65785000
2017,"United Kingdom","GB","GBR",2017,65964000,65964000
2017.5,"United Kingdom",NA,NA,NA,NA,66125500
2018,"United Kingdom","GB","GBR",2018,66287000,66287000
2018.5,"United Kingdom",NA,NA,NA,NA,66457500
2019,"United Kingdom","GB","GBR",2019,66628000,66628000
2019.5,"United Kingdom",NA,NA,NA,NA,66684000
2020,"United Kingdom","GB","GBR",2020,66740000,66740000
2020.5,"United Kingdom",NA,NA,NA,NA,66859000
2021,"United Kingdom","GB","GBR",2021,66978000,66978000
2021.5,"United Kingdom",NA,NA,NA,NA,67307000
2022,"United Kingdom","GB","GBR",2022,67636000,67636000
2022.5,"United Kingdom",NA,NA,NA,NA,68081000
2023,"United Kingdom","GB","GBR",2023,68526000,68526000
2011,"Greece","GR","GRC",2011,11104899,11104899
2011.5,"Greece",NA,NA,NA,NA,11074955
2012,"Greece","GR","GRC",2012,11045011,11045011
2012.5,"Greece",NA,NA,NA,NA,11005111
2013,"Greece","GR","GRC",2013,10965211,10965211
2013.5,"Greece",NA,NA,NA,NA,10928812
2014,"Greece","GR","GRC",2014,10892413,10892413
2014.5,"Greece",NA,NA,NA,NA,10856648
2015,"Greece","GR","GRC",2015,10820883,10820883
2015.5,"Greece",NA,NA,NA,NA,10798427
2016,"Greece","GR","GRC",2016,10775971,10775971
2016.5,"Greece",NA,NA,NA,NA,10765325
2017,"Greece","GR","GRC",2017,10754679,10754679
2017.5,"Greece",NA,NA,NA,NA,10743780.5
2018,"Greece","GR","GRC",2018,10732882,10732882
2018.5,"Greece",NA,NA,NA,NA,10727232
2019,"Greece","GR","GRC",2019,10721582,10721582
2019.5,"Greece",NA,NA,NA,NA,10710090.5
2020,"Greece","GR","GRC",2020,10698599,10698599
2020.5,"Greece",NA,NA,NA,NA,10634364.5
2021,"Greece","GR","GRC",2021,10570130,10570130
2021.5,"Greece",NA,NA,NA,NA,10503967.5
2022,"Greece","GR","GRC",2022,10437805,10437805
2022.5,"Greece",NA,NA,NA,NA,10422578
2023,"Greece","GR","GRC",2023,10407351,10407351
2011,"Croatia","HR","HRV",2011,4280622,4280622
2011.5,"Croatia",NA,NA,NA,NA,4270495
2012,"Croatia","HR","HRV",2012,4260368,4260368
2012.5,"Croatia",NA,NA,NA,NA,4247145
2013,"Croatia","HR","HRV",2013,4233922,4233922
2013.5,"Croatia",NA,NA,NA,NA,4217760
2014,"Croatia","HR","HRV",2014,4201598,4201598
2014.5,"Croatia",NA,NA,NA,NA,4176661.5
2015,"Croatia","HR","HRV",2015,4151725,4151725
2015.5,"Croatia",NA,NA,NA,NA,4129296
2016,"Croatia","HR","HRV",2016,4106867,4106867
2016.5,"Croatia",NA,NA,NA,NA,4074137
2017,"Croatia","HR","HRV",2017,4041407,4041407
2017.5,"Croatia",NA,NA,NA,NA,4015091
2018,"Croatia","HR","HRV",2018,3988775,3988775
2018.5,"Croatia",NA,NA,NA,NA,3969082.5
2019,"Croatia","HR","HRV",2019,3949390,3949390
2019.5,"Croatia",NA,NA,NA,NA,3931798
2020,"Croatia","HR","HRV",2020,3914206,3914206
2020.5,"Croatia",NA,NA,NA,NA,3896593.5
2021,"Croatia","HR","HRV",2021,3878981,3878981
2021.5,"Croatia",NA,NA,NA,NA,3867311
2022,"Croatia","HR","HRV",2022,3855641,3855641
2022.5,"Croatia",NA,NA,NA,NA,3857663.5
2023,"Croatia","HR","HRV",2023,3859686,3859686
2011,"Hungary","HU","HUN",2011,9971727,9971727
2011.5,"Hungary",NA,NA,NA,NA,9946044.5
2012,"Hungary","HU","HUN",2012,9920362,9920362
2012.5,"Hungary",NA,NA,NA,NA,9896548
2013,"Hungary","HU","HUN",2013,9872734,9872734
2013.5,"Hungary",NA,NA,NA,NA,9852886
2014,"Hungary","HU","HUN",2014,9833038,9833038
2014.5,"Hungary",NA,NA,NA,NA,9815396.5
2015,"Hungary","HU","HUN",2015,9797755,9797755
2015.5,"Hungary",NA,NA,NA,NA,9778755
2016,"Hungary","HU","HUN",2016,9759755,9759755
2016.5,"Hungary",NA,NA,NA,NA,9743255.5
2017,"Hungary","HU","HUN",2017,9726756,9726756
2017.5,"Hungary",NA,NA,NA,NA,9716860
2018,"Hungary","HU","HUN",2018,9706964,9706964
2018.5,"Hungary",NA,NA,NA,NA,9700894
2019,"Hungary","HU","HUN",2019,9694824,9694824
2019.5,"Hungary",NA,NA,NA,NA,9682621.5
2020,"Hungary","HU","HUN",2020,9670419,9670419
2020.5,"Hungary",NA,NA,NA,NA,9650675.5
2021,"Hungary","HU","HUN",2021,9630932,9630932
2021.5,"Hungary",NA,NA,NA,NA,9618003
2022,"Hungary","HU","HUN",2022,9605074,9605074
2022.5,"Hungary",NA,NA,NA,NA,9598630
2023,"Hungary","HU","HUN",2023,9592186,9592186
2011,"Ireland","IE","IRL",2011,4580084,4580084
2011.5,"Ireland",NA,NA,NA,NA,4589808.5
2012,"Ireland","IE","IRL",2012,4599533,4599533
2012.5,"Ireland",NA,NA,NA,NA,4611674.5
2013,"Ireland","IE","IRL",2013,4623816,4623816
2013.5,"Ireland",NA,NA,NA,NA,4640778
2014,"Ireland","IE","IRL",2014,4657740,4657740
2014.5,"Ireland",NA,NA,NA,NA,4679848.5
2015,"Ireland","IE","IRL",2015,4701957,4701957
2015.5,"Ireland",NA,NA,NA,NA,4732339.5
2016,"Ireland","IE","IRL",2016,4762722,4762722
2016.5,"Ireland",NA,NA,NA,NA,4795083.5
2017,"Ireland","IE","IRL",2017,4827445,4827445
2017.5,"Ireland",NA,NA,NA,NA,4862733.5
2018,"Ireland","IE","IRL",2018,4898022,4898022
2018.5,"Ireland",NA,NA,NA,NA,4937239
2019,"Ireland","IE","IRL",2019,4976456,4976456
2019.5,"Ireland",NA,NA,NA,NA,5008101.5
2020,"Ireland","IE","IRL",2020,5039747,5039747
2020.5,"Ireland",NA,NA,NA,NA,5075166
2021,"Ireland","IE","IRL",2021,5110585,5110585
2021.5,"Ireland",NA,NA,NA,NA,5161710.5
2022,"Ireland","IE","IRL",2022,5212836,5212836
2022.5,"Ireland",NA,NA,NA,NA,5262187
2023,"Ireland","IE","IRL",2023,5311538,5311538
2011,"Italy","IT","ITA",2011,60026841,60026841
2011.5,"Italy",NA,NA,NA,NA,60109044
2012,"Italy","IT","ITA",2012,60191247,60191247
2012.5,"Italy",NA,NA,NA,NA,60251430
2013,"Italy","IT","ITA",2013,60311613,60311613
2013.5,"Italy",NA,NA,NA,NA,60316160
2014,"Italy","IT","ITA",2014,60320707,60320707
2014.5,"Italy",NA,NA,NA,NA,60275156
2015,"Italy","IT","ITA",2015,60229605,60229605
2015.5,"Italy",NA,NA,NA,NA,60172414
2016,"Italy","IT","ITA",2016,60115223,60115223
2016.5,"Italy",NA,NA,NA,NA,60058737.5
2017,"Italy","IT","ITA",2017,60002252,60002252
2017.5,"Italy",NA,NA,NA,NA,59939736.5
2018,"Italy","IT","ITA",2018,59877221,59877221
2018.5,"Italy",NA,NA,NA,NA,59803151
2019,"Italy","IT","ITA",2019,59729081,59729081
2019.5,"Italy",NA,NA,NA,NA,59583966
2020,"Italy","IT","ITA",2020,59438851,59438851
2020.5,"Italy",NA,NA,NA,NA,59286012
2021,"Italy","IT","ITA",2021,59133173,59133173
2021.5,"Italy",NA,NA,NA,NA,59073420
2022,"Italy","IT","ITA",2022,59013667,59013667
2022.5,"Italy",NA,NA,NA,NA,58998941.5
2023,"Italy","IT","ITA",2023,58984216,58984216
2011,"Lithuania","LT","LTU",2011,3028115,3028115
2011.5,"Lithuania",NA,NA,NA,NA,3008627
2012,"Lithuania","LT","LTU",2012,2989139,2989139
2012.5,"Lithuania",NA,NA,NA,NA,2975194.5
2013,"Lithuania","LT","LTU",2013,2961250,2961250
2013.5,"Lithuania",NA,NA,NA,NA,2949251.5
2014,"Lithuania","LT","LTU",2014,2937253,2937253
2014.5,"Lithuania",NA,NA,NA,NA,2924181
2015,"Lithuania","LT","LTU",2015,2911109,2911109
2015.5,"Lithuania",NA,NA,NA,NA,2894217
2016,"Lithuania","LT","LTU",2016,2877325,2877325
2016.5,"Lithuania",NA,NA,NA,NA,2859982
2017,"Lithuania","LT","LTU",2017,2842639,2842639
2017.5,"Lithuania",NA,NA,NA,NA,2830919.5
2018,"Lithuania","LT","LTU",2018,2819200,2819200
2018.5,"Lithuania",NA,NA,NA,NA,2815144.5
2019,"Lithuania","LT","LTU",2019,2811089,2811089
2019.5,"Lithuania",NA,NA,NA,NA,2810729
2020,"Lithuania","LT","LTU",2020,2810369,2810369
2020.5,"Lithuania",NA,NA,NA,NA,2809374.5
2021,"Lithuania","LT","LTU",2021,2808380,2808380
2021.5,"Lithuania",NA,NA,NA,NA,2820009.5
2022,"Lithuania","LT","LTU",2022,2831639,2831639
2022.5,"Lithuania",NA,NA,NA,NA,2851612
2023,"Lithuania","LT","LTU",2023,2871585,2871585
2011,"Luxembourg","LU","LUX",2011,518347,518347
2011.5,"Luxembourg",NA,NA,NA,NA,524646.5
2012,"Luxembourg","LU","LUX",2012,530946,530946
2012.5,"Luxembourg",NA,NA,NA,NA,537153
2013,"Luxembourg","LU","LUX",2013,543360,543360
2013.5,"Luxembourg",NA,NA,NA,NA,549839.5
2014,"Luxembourg","LU","LUX",2014,556319,556319
2014.5,"Luxembourg",NA,NA,NA,NA,562961.5
2015,"Luxembourg","LU","LUX",2015,569604,569604
2015.5,"Luxembourg",NA,NA,NA,NA,575809
2016,"Luxembourg","LU","LUX",2016,582014,582014
2016.5,"Luxembourg",NA,NA,NA,NA,589175
2017,"Luxembourg","LU","LUX",2017,596336,596336
2017.5,"Luxembourg",NA,NA,NA,NA,602143
2018,"Luxembourg","LU","LUX",2018,607950,607950
2018.5,"Luxembourg",NA,NA,NA,NA,613975.5
2019,"Luxembourg","LU","LUX",2019,620001,620001
2019.5,"Luxembourg",NA,NA,NA,NA,625210
2020,"Luxembourg","LU","LUX",2020,630419,630419
2020.5,"Luxembourg",NA,NA,NA,NA,635241.5
2021,"Luxembourg","LU","LUX",2021,640064,640064
2021.5,"Luxembourg",NA,NA,NA,NA,646583.5
2022,"Luxembourg","LU","LUX",2022,653103,653103
2022.5,"Luxembourg",NA,NA,NA,NA,659766.5
2023,"Luxembourg","LU","LUX",2023,666430,666430
2011,"Latvia","LV","LVA",2011,2059709,2059709
2011.5,"Latvia",NA,NA,NA,NA,2047014
2012,"Latvia","LV","LVA",2012,2034319,2034319
2012.5,"Latvia",NA,NA,NA,NA,2023483
2013,"Latvia","LV","LVA",2013,2012647,2012647
2013.5,"Latvia",NA,NA,NA,NA,2003214.5
2014,"Latvia","LV","LVA",2014,1993782,1993782
2014.5,"Latvia",NA,NA,NA,NA,1985654.5
2015,"Latvia","LV","LVA",2015,1977527,1977527
2015.5,"Latvia",NA,NA,NA,NA,1968532
2016,"Latvia","LV","LVA",2016,1959537,1959537
2016.5,"Latvia",NA,NA,NA,NA,1950892.5
2017,"Latvia","LV","LVA",2017,1942248,1942248
2017.5,"Latvia",NA,NA,NA,NA,1934711
2018,"Latvia","LV","LVA",2018,1927174,1927174
2018.5,"Latvia",NA,NA,NA,NA,1920498
2019,"Latvia","LV","LVA",2019,1913822,1913822
2019.5,"Latvia",NA,NA,NA,NA,1907135.5
2020,"Latvia","LV","LVA",2020,1900449,1900449
2020.5,"Latvia",NA,NA,NA,NA,1892469.5
2021,"Latvia","LV","LVA",2021,1884490,1884490
2021.5,"Latvia",NA,NA,NA,NA,1881936.5
2022,"Latvia","LV","LVA",2022,1879383,1879383
2022.5,"Latvia",NA,NA,NA,NA,1881546.5
2023,"Latvia","LV","LVA",2023,1883710,1883710
2011,"Malta","MT","MLT",2011,416268,416268
2011.5,"Malta",NA,NA,NA,NA,418148
2012,"Malta","MT","MLT",2012,420028,420028
2012.5,"Malta",NA,NA,NA,NA,422419
2013,"Malta","MT","MLT",2013,424810,424810
2013.5,"Malta",NA,NA,NA,NA,429145.5
2014,"Malta","MT","MLT",2014,433481,433481
2014.5,"Malta",NA,NA,NA,NA,438850.5
2015,"Malta","MT","MLT",2015,444220,444220
2015.5,"Malta",NA,NA,NA,NA,449362.5
2016,"Malta","MT","MLT",2016,454505,454505
2016.5,"Malta",NA,NA,NA,NA,460805.5
2017,"Malta","MT","MLT",2017,467106,467106
2017.5,"Malta",NA,NA,NA,NA,475504.5
2018,"Malta","MT","MLT",2018,483903,483903
2018.5,"Malta",NA,NA,NA,NA,493907.5
2019,"Malta","MT","MLT",2019,503912,503912
2019.5,"Malta",NA,NA,NA,NA,509701
2020,"Malta","MT","MLT",2020,515490,515490
2020.5,"Malta",NA,NA,NA,NA,516820
2021,"Malta","MT","MLT",2021,518150,518150
2021.5,"Malta",NA,NA,NA,NA,524631.5
2022,"Malta","MT","MLT",2022,531113,531113
2022.5,"Malta",NA,NA,NA,NA,541930
2023,"Malta","MT","MLT",2023,552747,552747
2011,"Netherlands","NL","NLD",2011,16693074,16693074
2011.5,"Netherlands",NA,NA,NA,NA,16724018
2012,"Netherlands","NL","NLD",2012,16754962,16754962
2012.5,"Netherlands",NA,NA,NA,NA,16779697
2013,"Netherlands","NL","NLD",2013,16804432,16804432
2013.5,"Netherlands",NA,NA,NA,NA,16834720
2014,"Netherlands","NL","NLD",2014,16865008,16865008
2014.5,"Netherlands",NA,NA,NA,NA,16902465.5
2015,"Netherlands","NL","NLD",2015,16939923,16939923
2015.5,"Netherlands",NA,NA,NA,NA,16985118.5
2016,"Netherlands","NL","NLD",2016,17030314,17030314
2016.5,"Netherlands",NA,NA,NA,NA,17080805
2017,"Netherlands","NL","NLD",2017,17131296,17131296
2017.5,"Netherlands",NA,NA,NA,NA,17181460
2018,"Netherlands","NL","NLD",2018,17231624,17231624
2018.5,"Netherlands",NA,NA,NA,NA,17288249
2019,"Netherlands","NL","NLD",2019,17344874,17344874
2019.5,"Netherlands",NA,NA,NA,NA,17393187
2020,"Netherlands","NL","NLD",2020,17441500,17441500
2020.5,"Netherlands",NA,NA,NA,NA,17487272
2021,"Netherlands","NL","NLD",2021,17533044,17533044
2021.5,"Netherlands",NA,NA,NA,NA,17617013
2022,"Netherlands","NL","NLD",2022,17700982,17700982
2022.5,"Netherlands",NA,NA,NA,NA,17789049.5
2023,"Netherlands","NL","NLD",2023,17877117,17877117
2011,"Poland","PL","POL",2011,38063255,38063255
2011.5,"Poland",NA,NA,NA,NA,38063209.5
2012,"Poland","PL","POL",2012,38063164,38063164
2012.5,"Poland",NA,NA,NA,NA,38051680
2013,"Poland","PL","POL",2013,38040196,38040196
2013.5,"Poland",NA,NA,NA,NA,38025965.5
2014,"Poland","PL","POL",2014,38011735,38011735
2014.5,"Poland",NA,NA,NA,NA,37999073.5
2015,"Poland","PL","POL",2015,37986412,37986412
2015.5,"Poland",NA,NA,NA,NA,37978249.5
2016,"Poland","PL","POL",2016,37970087,37970087
2016.5,"Poland",NA,NA,NA,NA,37972456.5
2017,"Poland","PL","POL",2017,37974826,37974826
2017.5,"Poland",NA,NA,NA,NA,37974788
2018,"Poland","PL","POL",2018,37974750,37974750
2018.5,"Poland",NA,NA,NA,NA,37970112.5
2019,"Poland","PL","POL",2019,37965475,37965475
2019.5,"Poland",NA,NA,NA,NA,37740611.5
2020,"Poland","PL","POL",2020,37515748,37515748
2020.5,"Poland",NA,NA,NA,NA,37248653.5
2021,"Poland","PL","POL",2021,36981559,36981559
2021.5,"Poland",NA,NA,NA,NA,36901654
2022,"Poland","PL","POL",2022,36821749,36821749
2022.5,"Poland",NA,NA,NA,NA,36754551
2023,"Poland","PL","POL",2023,36687353,36687353
2011,"Portugal","PT","PRT",2011,10557560,10557560
2011.5,"Portugal",NA,NA,NA,NA,10536202
2012,"Portugal","PT","PRT",2012,10514844,10514844
2012.5,"Portugal",NA,NA,NA,NA,10486069.5
2013,"Portugal","PT","PRT",2013,10457295,10457295
2013.5,"Portugal",NA,NA,NA,NA,10429178.5
2014,"Portugal","PT","PRT",2014,10401062,10401062
2014.5,"Portugal",NA,NA,NA,NA,10379569
2015,"Portugal","PT","PRT",2015,10358076,10358076
2015.5,"Portugal",NA,NA,NA,NA,10341764
2016,"Portugal","PT","PRT",2016,10325452,10325452
2016.5,"Portugal",NA,NA,NA,NA,10312876
2017,"Portugal","PT","PRT",2017,10300300,10300300
2017.5,"Portugal",NA,NA,NA,NA,10292061
2018,"Portugal","PT","PRT",2018,10283822,10283822
2018.5,"Portugal",NA,NA,NA,NA,10285042.5
2019,"Portugal","PT","PRT",2019,10286263,10286263
2019.5,"Portugal",NA,NA,NA,NA,10291672
2020,"Portugal","PT","PRT",2020,10297081,10297081
2020.5,"Portugal",NA,NA,NA,NA,10329456
2021,"Portugal","PT","PRT",2021,10361831,10361831
2021.5,"Portugal",NA,NA,NA,NA,10398081.5
2022,"Portugal","PT","PRT",2022,10434332,10434332
2022.5,"Portugal",NA,NA,NA,NA,10506253
2023,"Portugal","PT","PRT",2023,10578174,10578174
2011,"Romania","RO","ROU",2011,20147528,20147528
2011.5,"Romania",NA,NA,NA,NA,20102781.5
2012,"Romania","RO","ROU",2012,20058035,20058035
2012.5,"Romania",NA,NA,NA,NA,20020864
2013,"Romania","RO","ROU",2013,19983693,19983693
2013.5,"Romania",NA,NA,NA,NA,19946336
2014,"Romania","RO","ROU",2014,19908979,19908979
2014.5,"Romania",NA,NA,NA,NA,19862297.5
2015,"Romania","RO","ROU",2015,19815616,19815616
2015.5,"Romania",NA,NA,NA,NA,19758941.5
2016,"Romania","RO","ROU",2016,19702267,19702267
2016.5,"Romania",NA,NA,NA,NA,19645491
2017,"Romania","RO","ROU",2017,19588715,19588715
2017.5,"Romania",NA,NA,NA,NA,19531342.5
2018,"Romania","RO","ROU",2018,19473970,19473970
2018.5,"Romania",NA,NA,NA,NA,19422809
2019,"Romania","RO","ROU",2019,19371648,19371648
2019.5,"Romania",NA,NA,NA,NA,19318449
2020,"Romania","RO","ROU",2020,19265250,19265250
2020.5,"Romania",NA,NA,NA,NA,19193654.5
2021,"Romania","RO","ROU",2021,19122059,19122059
2021.5,"Romania",NA,NA,NA,NA,19085280.5
2022,"Romania","RO","ROU",2022,19048502,19048502
2022.5,"Romania",NA,NA,NA,NA,19054782
2023,"Romania","RO","ROU",2023,19061062,19061062
2011,"Slovakia","SK","SVK",2011,5398384,5398384
2011.5,"Slovakia",NA,NA,NA,NA,5402981.5
2012,"Slovakia","SK","SVK",2012,5407579,5407579
2012.5,"Slovakia",NA,NA,NA,NA,5410486
2013,"Slovakia","SK","SVK",2013,5413393,5413393
2013.5,"Slovakia",NA,NA,NA,NA,5416021
2014,"Slovakia","SK","SVK",2014,5418649,5418649
2014.5,"Slovakia",NA,NA,NA,NA,5421225
2015,"Slovakia","SK","SVK",2015,5423801,5423801
2015.5,"Slovakia",NA,NA,NA,NA,5427299.5
2016,"Slovakia","SK","SVK",2016,5430798,5430798
2016.5,"Slovakia",NA,NA,NA,NA,5435015
2017,"Slovakia","SK","SVK",2017,5439232,5439232
2017.5,"Slovakia",NA,NA,NA,NA,5443001.5
2018,"Slovakia","SK","SVK",2018,5446771,5446771
2018.5,"Slovakia",NA,NA,NA,NA,5450459
2019,"Slovakia","SK","SVK",2019,5454147,5454147
2019.5,"Slovakia",NA,NA,NA,NA,5456487
2020,"Slovakia","SK","SVK",2020,5458827,5458827
2020.5,"Slovakia",NA,NA,NA,NA,5453037
2021,"Slovakia","SK","SVK",2021,5447247,5447247
2021.5,"Slovakia",NA,NA,NA,NA,5439499.5
2022,"Slovakia","SK","SVK",2022,5431752,5431752
2022.5,"Slovakia",NA,NA,NA,NA,5429246
2023,"Slovakia","SK","SVK",2023,5426740,5426740
2011,"Slovenia","SI","SVN",2011,2052843,2052843
2011.5,"Slovenia",NA,NA,NA,NA,2055001
2012,"Slovenia","SI","SVN",2012,2057159,2057159
2012.5,"Slovenia",NA,NA,NA,NA,2058556
2013,"Slovenia","SI","SVN",2013,2059953,2059953
2013.5,"Slovenia",NA,NA,NA,NA,2060966.5
2014,"Slovenia","SI","SVN",2014,2061980,2061980
2014.5,"Slovenia",NA,NA,NA,NA,2062755.5
2015,"Slovenia","SI","SVN",2015,2063531,2063531
2015.5,"Slovenia",NA,NA,NA,NA,2064286.5
2016,"Slovenia","SI","SVN",2016,2065042,2065042
2016.5,"Slovenia",NA,NA,NA,NA,2065715
2017,"Slovenia","SI","SVN",2017,2066388,2066388
2017.5,"Slovenia",NA,NA,NA,NA,2070141
2018,"Slovenia","SI","SVN",2018,2073894,2073894
2018.5,"Slovenia",NA,NA,NA,NA,2081139.5
2019,"Slovenia","SI","SVN",2019,2088385,2088385
2019.5,"Slovenia",NA,NA,NA,NA,2095402
2020,"Slovenia","SI","SVN",2020,2102419,2102419
2020.5,"Slovenia",NA,NA,NA,NA,2105249
2021,"Slovenia","SI","SVN",2021,2108079,2108079
2021.5,"Slovenia",NA,NA,NA,NA,2110077.5
2022,"Slovenia","SI","SVN",2022,2112076,2112076
2022.5,"Slovenia",NA,NA,NA,NA,2116268.5
2023,"Slovenia","SI","SVN",2023,2120461,2120461
2011,"Sweden","SE","SWE",2011,9449213,9449213
2011.5,"Sweden",NA,NA,NA,NA,9484293.5
2012,"Sweden","SE","SWE",2012,9519374,9519374
2012.5,"Sweden",NA,NA,NA,NA,9559876.5
2013,"Sweden","SE","SWE",2013,9600379,9600379
2013.5,"Sweden",NA,NA,NA,NA,9648244.5
2014,"Sweden","SE","SWE",2014,9696110,9696110
2014.5,"Sweden",NA,NA,NA,NA,9747648
2015,"Sweden","SE","SWE",2015,9799186,9799186
2015.5,"Sweden",NA,NA,NA,NA,9861135.5
2016,"Sweden","SE","SWE",2016,9923085,9923085
2016.5,"Sweden",NA,NA,NA,NA,9990391.5
2017,"Sweden","SE","SWE",2017,10057698,10057698
2017.5,"Sweden",NA,NA,NA,NA,10116456
2018,"Sweden","SE","SWE",2018,10175214,10175214
2018.5,"Sweden",NA,NA,NA,NA,10227050.5
2019,"Sweden","SE","SWE",2019,10278887,10278887
2019.5,"Sweden",NA,NA,NA,NA,10316164.5
2020,"Sweden","SE","SWE",2020,10353442,10353442
2020.5,"Sweden",NA,NA,NA,NA,10384626.5
2021,"Sweden","SE","SWE",2021,10415811,10415811
2021.5,"Sweden",NA,NA,NA,NA,10451376
2022,"Sweden","SE","SWE",2022,10486941,10486941
2022.5,"Sweden",NA,NA,NA,NA,10511786.5
2023,"Sweden","SE","SWE",2023,10536632,10536632
